{
    "loss": 1.2489689588546753,
    "accuracy": 0.8017241358757019
}